thread,ops,ds,test
1,126698,NoPersistTxnBoostingFraserSkipList<uint64_t>,TxnMapChurnTest<uint64_t:NBTC>:txn10:g0p0i50rm50:range=1000000:prefill=500000
4,500659,NoPersistTxnBoostingFraserSkipList<uint64_t>,TxnMapChurnTest<uint64_t:NBTC>:txn10:g0p0i50rm50:range=1000000:prefill=500000
8,981633,NoPersistTxnBoostingFraserSkipList<uint64_t>,TxnMapChurnTest<uint64_t:NBTC>:txn10:g0p0i50rm50:range=1000000:prefill=500000
12,1421922,NoPersistTxnBoostingFraserSkipList<uint64_t>,TxnMapChurnTest<uint64_t:NBTC>:txn10:g0p0i50rm50:range=1000000:prefill=500000
16,1777742,NoPersistTxnBoostingFraserSkipList<uint64_t>,TxnMapChurnTest<uint64_t:NBTC>:txn10:g0p0i50rm50:range=1000000:prefill=500000
20,2098811,NoPersistTxnBoostingFraserSkipList<uint64_t>,TxnMapChurnTest<uint64_t:NBTC>:txn10:g0p0i50rm50:range=1000000:prefill=500000
24,2337426,NoPersistTxnBoostingFraserSkipList<uint64_t>,TxnMapChurnTest<uint64_t:NBTC>:txn10:g0p0i50rm50:range=1000000:prefill=500000
32,2775785,NoPersistTxnBoostingFraserSkipList<uint64_t>,TxnMapChurnTest<uint64_t:NBTC>:txn10:g0p0i50rm50:range=1000000:prefill=500000
36,2982176,NoPersistTxnBoostingFraserSkipList<uint64_t>,TxnMapChurnTest<uint64_t:NBTC>:txn10:g0p0i50rm50:range=1000000:prefill=500000
40,3184898,NoPersistTxnBoostingFraserSkipList<uint64_t>,TxnMapChurnTest<uint64_t:NBTC>:txn10:g0p0i50rm50:range=1000000:prefill=500000
48,3519206,NoPersistTxnBoostingFraserSkipList<uint64_t>,TxnMapChurnTest<uint64_t:NBTC>:txn10:g0p0i50rm50:range=1000000:prefill=500000
62,4454378,NoPersistTxnBoostingFraserSkipList<uint64_t>,TxnMapChurnTest<uint64_t:NBTC>:txn10:g0p0i50rm50:range=1000000:prefill=500000
72,4982589,NoPersistTxnBoostingFraserSkipList<uint64_t>,TxnMapChurnTest<uint64_t:NBTC>:txn10:g0p0i50rm50:range=1000000:prefill=500000
80,5365766,NoPersistTxnBoostingFraserSkipList<uint64_t>,TxnMapChurnTest<uint64_t:NBTC>:txn10:g0p0i50rm50:range=1000000:prefill=500000
90,5072147,NoPersistTxnBoostingFraserSkipList<uint64_t>,TxnMapChurnTest<uint64_t:NBTC>:txn10:g0p0i50rm50:range=1000000:prefill=500000
1,127221,NoPersistTxnBoostingFraserSkipList<uint64_t>,TxnMapChurnTest<uint64_t:NBTC>:txn10:g0p0i50rm50:range=1000000:prefill=500000
4,500858,NoPersistTxnBoostingFraserSkipList<uint64_t>,TxnMapChurnTest<uint64_t:NBTC>:txn10:g0p0i50rm50:range=1000000:prefill=500000
8,989367,NoPersistTxnBoostingFraserSkipList<uint64_t>,TxnMapChurnTest<uint64_t:NBTC>:txn10:g0p0i50rm50:range=1000000:prefill=500000
12,1422716,NoPersistTxnBoostingFraserSkipList<uint64_t>,TxnMapChurnTest<uint64_t:NBTC>:txn10:g0p0i50rm50:range=1000000:prefill=500000
16,1783637,NoPersistTxnBoostingFraserSkipList<uint64_t>,TxnMapChurnTest<uint64_t:NBTC>:txn10:g0p0i50rm50:range=1000000:prefill=500000
20,2102142,NoPersistTxnBoostingFraserSkipList<uint64_t>,TxnMapChurnTest<uint64_t:NBTC>:txn10:g0p0i50rm50:range=1000000:prefill=500000
24,2341585,NoPersistTxnBoostingFraserSkipList<uint64_t>,TxnMapChurnTest<uint64_t:NBTC>:txn10:g0p0i50rm50:range=1000000:prefill=500000
32,2776596,NoPersistTxnBoostingFraserSkipList<uint64_t>,TxnMapChurnTest<uint64_t:NBTC>:txn10:g0p0i50rm50:range=1000000:prefill=500000
36,2978335,NoPersistTxnBoostingFraserSkipList<uint64_t>,TxnMapChurnTest<uint64_t:NBTC>:txn10:g0p0i50rm50:range=1000000:prefill=500000
40,3155013,NoPersistTxnBoostingFraserSkipList<uint64_t>,TxnMapChurnTest<uint64_t:NBTC>:txn10:g0p0i50rm50:range=1000000:prefill=500000
48,3484223,NoPersistTxnBoostingFraserSkipList<uint64_t>,TxnMapChurnTest<uint64_t:NBTC>:txn10:g0p0i50rm50:range=1000000:prefill=500000
62,4454743,NoPersistTxnBoostingFraserSkipList<uint64_t>,TxnMapChurnTest<uint64_t:NBTC>:txn10:g0p0i50rm50:range=1000000:prefill=500000
72,4982376,NoPersistTxnBoostingFraserSkipList<uint64_t>,TxnMapChurnTest<uint64_t:NBTC>:txn10:g0p0i50rm50:range=1000000:prefill=500000
80,5395830,NoPersistTxnBoostingFraserSkipList<uint64_t>,TxnMapChurnTest<uint64_t:NBTC>:txn10:g0p0i50rm50:range=1000000:prefill=500000
90,5062924,NoPersistTxnBoostingFraserSkipList<uint64_t>,TxnMapChurnTest<uint64_t:NBTC>:txn10:g0p0i50rm50:range=1000000:prefill=500000
1,126660,NoPersistTxnBoostingFraserSkipList<uint64_t>,TxnMapChurnTest<uint64_t:NBTC>:txn10:g0p0i50rm50:range=1000000:prefill=500000
4,502151,NoPersistTxnBoostingFraserSkipList<uint64_t>,TxnMapChurnTest<uint64_t:NBTC>:txn10:g0p0i50rm50:range=1000000:prefill=500000
8,988312,NoPersistTxnBoostingFraserSkipList<uint64_t>,TxnMapChurnTest<uint64_t:NBTC>:txn10:g0p0i50rm50:range=1000000:prefill=500000
12,1429643,NoPersistTxnBoostingFraserSkipList<uint64_t>,TxnMapChurnTest<uint64_t:NBTC>:txn10:g0p0i50rm50:range=1000000:prefill=500000
16,1771480,NoPersistTxnBoostingFraserSkipList<uint64_t>,TxnMapChurnTest<uint64_t:NBTC>:txn10:g0p0i50rm50:range=1000000:prefill=500000
20,2098444,NoPersistTxnBoostingFraserSkipList<uint64_t>,TxnMapChurnTest<uint64_t:NBTC>:txn10:g0p0i50rm50:range=1000000:prefill=500000
24,2330001,NoPersistTxnBoostingFraserSkipList<uint64_t>,TxnMapChurnTest<uint64_t:NBTC>:txn10:g0p0i50rm50:range=1000000:prefill=500000
32,2775801,NoPersistTxnBoostingFraserSkipList<uint64_t>,TxnMapChurnTest<uint64_t:NBTC>:txn10:g0p0i50rm50:range=1000000:prefill=500000
36,2976028,NoPersistTxnBoostingFraserSkipList<uint64_t>,TxnMapChurnTest<uint64_t:NBTC>:txn10:g0p0i50rm50:range=1000000:prefill=500000
40,3173289,NoPersistTxnBoostingFraserSkipList<uint64_t>,TxnMapChurnTest<uint64_t:NBTC>:txn10:g0p0i50rm50:range=1000000:prefill=500000
48,3517600,NoPersistTxnBoostingFraserSkipList<uint64_t>,TxnMapChurnTest<uint64_t:NBTC>:txn10:g0p0i50rm50:range=1000000:prefill=500000
62,4462690,NoPersistTxnBoostingFraserSkipList<uint64_t>,TxnMapChurnTest<uint64_t:NBTC>:txn10:g0p0i50rm50:range=1000000:prefill=500000
72,4980527,NoPersistTxnBoostingFraserSkipList<uint64_t>,TxnMapChurnTest<uint64_t:NBTC>:txn10:g0p0i50rm50:range=1000000:prefill=500000
80,5387746,NoPersistTxnBoostingFraserSkipList<uint64_t>,TxnMapChurnTest<uint64_t:NBTC>:txn10:g0p0i50rm50:range=1000000:prefill=500000
90,5087991,NoPersistTxnBoostingFraserSkipList<uint64_t>,TxnMapChurnTest<uint64_t:NBTC>:txn10:g0p0i50rm50:range=1000000:prefill=500000
1,59796,NoPersistTDSLSkipList<uint64_t>,TxnMapChurnTest<uint64_t:TDSL>:txn10:g0p0i50rm50:range=1000000:prefill=500000
4,115737,NoPersistTDSLSkipList<uint64_t>,TxnMapChurnTest<uint64_t:TDSL>:txn10:g0p0i50rm50:range=1000000:prefill=500000
8,131333,NoPersistTDSLSkipList<uint64_t>,TxnMapChurnTest<uint64_t:TDSL>:txn10:g0p0i50rm50:range=1000000:prefill=500000
12,129759,NoPersistTDSLSkipList<uint64_t>,TxnMapChurnTest<uint64_t:TDSL>:txn10:g0p0i50rm50:range=1000000:prefill=500000
16,121130,NoPersistTDSLSkipList<uint64_t>,TxnMapChurnTest<uint64_t:TDSL>:txn10:g0p0i50rm50:range=1000000:prefill=500000
20,116523,NoPersistTDSLSkipList<uint64_t>,TxnMapChurnTest<uint64_t:TDSL>:txn10:g0p0i50rm50:range=1000000:prefill=500000
24,140620,NoPersistTDSLSkipList<uint64_t>,TxnMapChurnTest<uint64_t:TDSL>:txn10:g0p0i50rm50:range=1000000:prefill=500000
32,139250,NoPersistTDSLSkipList<uint64_t>,TxnMapChurnTest<uint64_t:TDSL>:txn10:g0p0i50rm50:range=1000000:prefill=500000
36,156826,NoPersistTDSLSkipList<uint64_t>,TxnMapChurnTest<uint64_t:TDSL>:txn10:g0p0i50rm50:range=1000000:prefill=500000
40,155343,NoPersistTDSLSkipList<uint64_t>,TxnMapChurnTest<uint64_t:TDSL>:txn10:g0p0i50rm50:range=1000000:prefill=500000
48,104996,NoPersistTDSLSkipList<uint64_t>,TxnMapChurnTest<uint64_t:TDSL>:txn10:g0p0i50rm50:range=1000000:prefill=500000
62,97444,NoPersistTDSLSkipList<uint64_t>,TxnMapChurnTest<uint64_t:TDSL>:txn10:g0p0i50rm50:range=1000000:prefill=500000
72,112212,NoPersistTDSLSkipList<uint64_t>,TxnMapChurnTest<uint64_t:TDSL>:txn10:g0p0i50rm50:range=1000000:prefill=500000
80,126915,NoPersistTDSLSkipList<uint64_t>,TxnMapChurnTest<uint64_t:TDSL>:txn10:g0p0i50rm50:range=1000000:prefill=500000
1,60771,NoPersistTDSLSkipList<uint64_t>,TxnMapChurnTest<uint64_t:TDSL>:txn10:g0p0i50rm50:range=1000000:prefill=500000
4,112222,NoPersistTDSLSkipList<uint64_t>,TxnMapChurnTest<uint64_t:TDSL>:txn10:g0p0i50rm50:range=1000000:prefill=500000
8,127738,NoPersistTDSLSkipList<uint64_t>,TxnMapChurnTest<uint64_t:TDSL>:txn10:g0p0i50rm50:range=1000000:prefill=500000
12,129814,NoPersistTDSLSkipList<uint64_t>,TxnMapChurnTest<uint64_t:TDSL>:txn10:g0p0i50rm50:range=1000000:prefill=500000
16,119942,NoPersistTDSLSkipList<uint64_t>,TxnMapChurnTest<uint64_t:TDSL>:txn10:g0p0i50rm50:range=1000000:prefill=500000
20,121967,NoPersistTDSLSkipList<uint64_t>,TxnMapChurnTest<uint64_t:TDSL>:txn10:g0p0i50rm50:range=1000000:prefill=500000
24,130079,NoPersistTDSLSkipList<uint64_t>,TxnMapChurnTest<uint64_t:TDSL>:txn10:g0p0i50rm50:range=1000000:prefill=500000
32,157684,NoPersistTDSLSkipList<uint64_t>,TxnMapChurnTest<uint64_t:TDSL>:txn10:g0p0i50rm50:range=1000000:prefill=500000
36,161403,NoPersistTDSLSkipList<uint64_t>,TxnMapChurnTest<uint64_t:TDSL>:txn10:g0p0i50rm50:range=1000000:prefill=500000
40,159832,NoPersistTDSLSkipList<uint64_t>,TxnMapChurnTest<uint64_t:TDSL>:txn10:g0p0i50rm50:range=1000000:prefill=500000
48,99064,NoPersistTDSLSkipList<uint64_t>,TxnMapChurnTest<uint64_t:TDSL>:txn10:g0p0i50rm50:range=1000000:prefill=500000
62,115859,NoPersistTDSLSkipList<uint64_t>,TxnMapChurnTest<uint64_t:TDSL>:txn10:g0p0i50rm50:range=1000000:prefill=500000
1,46134,LFTTSkipList<uint64_t>,TxnMapChurnTest<uint64_t:LFTT>:txn10:g0p0i50rm50:range=1000000:prefill=500000
4,169883,LFTTSkipList<uint64_t>,TxnMapChurnTest<uint64_t:LFTT>:txn10:g0p0i50rm50:range=1000000:prefill=500000
8,325175,LFTTSkipList<uint64_t>,TxnMapChurnTest<uint64_t:LFTT>:txn10:g0p0i50rm50:range=1000000:prefill=500000
12,458655,LFTTSkipList<uint64_t>,TxnMapChurnTest<uint64_t:LFTT>:txn10:g0p0i50rm50:range=1000000:prefill=500000
16,582666,LFTTSkipList<uint64_t>,TxnMapChurnTest<uint64_t:LFTT>:txn10:g0p0i50rm50:range=1000000:prefill=500000
20,727839,LFTTSkipList<uint64_t>,TxnMapChurnTest<uint64_t:LFTT>:txn10:g0p0i50rm50:range=1000000:prefill=500000
24,820846,LFTTSkipList<uint64_t>,TxnMapChurnTest<uint64_t:LFTT>:txn10:g0p0i50rm50:range=1000000:prefill=500000
32,1036207,LFTTSkipList<uint64_t>,TxnMapChurnTest<uint64_t:LFTT>:txn10:g0p0i50rm50:range=1000000:prefill=500000
36,1125632,LFTTSkipList<uint64_t>,TxnMapChurnTest<uint64_t:LFTT>:txn10:g0p0i50rm50:range=1000000:prefill=500000
40,1189167,LFTTSkipList<uint64_t>,TxnMapChurnTest<uint64_t:LFTT>:txn10:g0p0i50rm50:range=1000000:prefill=500000
48,1309301,LFTTSkipList<uint64_t>,TxnMapChurnTest<uint64_t:LFTT>:txn10:g0p0i50rm50:range=1000000:prefill=500000
62,1504703,LFTTSkipList<uint64_t>,TxnMapChurnTest<uint64_t:LFTT>:txn10:g0p0i50rm50:range=1000000:prefill=500000
72,1562860,LFTTSkipList<uint64_t>,TxnMapChurnTest<uint64_t:LFTT>:txn10:g0p0i50rm50:range=1000000:prefill=500000
80,1584242,LFTTSkipList<uint64_t>,TxnMapChurnTest<uint64_t:LFTT>:txn10:g0p0i50rm50:range=1000000:prefill=500000
1,45881,LFTTSkipList<uint64_t>,TxnMapChurnTest<uint64_t:LFTT>:txn10:g0p0i50rm50:range=1000000:prefill=500000
4,169325,LFTTSkipList<uint64_t>,TxnMapChurnTest<uint64_t:LFTT>:txn10:g0p0i50rm50:range=1000000:prefill=500000
8,325773,LFTTSkipList<uint64_t>,TxnMapChurnTest<uint64_t:LFTT>:txn10:g0p0i50rm50:range=1000000:prefill=500000
12,460660,LFTTSkipList<uint64_t>,TxnMapChurnTest<uint64_t:LFTT>:txn10:g0p0i50rm50:range=1000000:prefill=500000
16,579302,LFTTSkipList<uint64_t>,TxnMapChurnTest<uint64_t:LFTT>:txn10:g0p0i50rm50:range=1000000:prefill=500000
20,729653,LFTTSkipList<uint64_t>,TxnMapChurnTest<uint64_t:LFTT>:txn10:g0p0i50rm50:range=1000000:prefill=500000
24,832268,LFTTSkipList<uint64_t>,TxnMapChurnTest<uint64_t:LFTT>:txn10:g0p0i50rm50:range=1000000:prefill=500000
32,1028580,LFTTSkipList<uint64_t>,TxnMapChurnTest<uint64_t:LFTT>:txn10:g0p0i50rm50:range=1000000:prefill=500000
36,1112232,LFTTSkipList<uint64_t>,TxnMapChurnTest<uint64_t:LFTT>:txn10:g0p0i50rm50:range=1000000:prefill=500000
40,1186457,LFTTSkipList<uint64_t>,TxnMapChurnTest<uint64_t:LFTT>:txn10:g0p0i50rm50:range=1000000:prefill=500000
48,1315310,LFTTSkipList<uint64_t>,TxnMapChurnTest<uint64_t:LFTT>:txn10:g0p0i50rm50:range=1000000:prefill=500000
62,1462986,LFTTSkipList<uint64_t>,TxnMapChurnTest<uint64_t:LFTT>:txn10:g0p0i50rm50:range=1000000:prefill=500000
72,1513813,LFTTSkipList<uint64_t>,TxnMapChurnTest<uint64_t:LFTT>:txn10:g0p0i50rm50:range=1000000:prefill=500000
80,1583097,LFTTSkipList<uint64_t>,TxnMapChurnTest<uint64_t:LFTT>:txn10:g0p0i50rm50:range=1000000:prefill=500000
1,46130,LFTTSkipList<uint64_t>,TxnMapChurnTest<uint64_t:LFTT>:txn10:g0p0i50rm50:range=1000000:prefill=500000
4,169086,LFTTSkipList<uint64_t>,TxnMapChurnTest<uint64_t:LFTT>:txn10:g0p0i50rm50:range=1000000:prefill=500000
8,324331,LFTTSkipList<uint64_t>,TxnMapChurnTest<uint64_t:LFTT>:txn10:g0p0i50rm50:range=1000000:prefill=500000
12,455644,LFTTSkipList<uint64_t>,TxnMapChurnTest<uint64_t:LFTT>:txn10:g0p0i50rm50:range=1000000:prefill=500000
16,584142,LFTTSkipList<uint64_t>,TxnMapChurnTest<uint64_t:LFTT>:txn10:g0p0i50rm50:range=1000000:prefill=500000
20,724539,LFTTSkipList<uint64_t>,TxnMapChurnTest<uint64_t:LFTT>:txn10:g0p0i50rm50:range=1000000:prefill=500000
24,832445,LFTTSkipList<uint64_t>,TxnMapChurnTest<uint64_t:LFTT>:txn10:g0p0i50rm50:range=1000000:prefill=500000
32,1031952,LFTTSkipList<uint64_t>,TxnMapChurnTest<uint64_t:LFTT>:txn10:g0p0i50rm50:range=1000000:prefill=500000
36,1120630,LFTTSkipList<uint64_t>,TxnMapChurnTest<uint64_t:LFTT>:txn10:g0p0i50rm50:range=1000000:prefill=500000
40,1190037,LFTTSkipList<uint64_t>,TxnMapChurnTest<uint64_t:LFTT>:txn10:g0p0i50rm50:range=1000000:prefill=500000
48,1309126,LFTTSkipList<uint64_t>,TxnMapChurnTest<uint64_t:LFTT>:txn10:g0p0i50rm50:range=1000000:prefill=500000
62,1497467,LFTTSkipList<uint64_t>,TxnMapChurnTest<uint64_t:LFTT>:txn10:g0p0i50rm50:range=1000000:prefill=500000
72,1566825,LFTTSkipList<uint64_t>,TxnMapChurnTest<uint64_t:LFTT>:txn10:g0p0i50rm50:range=1000000:prefill=500000
80,1559500,LFTTSkipList<uint64_t>,TxnMapChurnTest<uint64_t:LFTT>:txn10:g0p0i50rm50:range=1000000:prefill=500000
1,88299,NoPersistMedleyFraserSkipList<uint64_t>,TxnMapChurnTest<uint64_t:NBTC>:txn10:g0p0i50rm50:range=1000000:prefill=500000
4,322893,NoPersistMedleyFraserSkipList<uint64_t>,TxnMapChurnTest<uint64_t:NBTC>:txn10:g0p0i50rm50:range=1000000:prefill=500000
8,628627,NoPersistMedleyFraserSkipList<uint64_t>,TxnMapChurnTest<uint64_t:NBTC>:txn10:g0p0i50rm50:range=1000000:prefill=500000
12,902686,NoPersistMedleyFraserSkipList<uint64_t>,TxnMapChurnTest<uint64_t:NBTC>:txn10:g0p0i50rm50:range=1000000:prefill=500000
16,1125613,NoPersistMedleyFraserSkipList<uint64_t>,TxnMapChurnTest<uint64_t:NBTC>:txn10:g0p0i50rm50:range=1000000:prefill=500000
20,1316958,NoPersistMedleyFraserSkipList<uint64_t>,TxnMapChurnTest<uint64_t:NBTC>:txn10:g0p0i50rm50:range=1000000:prefill=500000
24,1462453,NoPersistMedleyFraserSkipList<uint64_t>,TxnMapChurnTest<uint64_t:NBTC>:txn10:g0p0i50rm50:range=1000000:prefill=500000
32,1723523,NoPersistMedleyFraserSkipList<uint64_t>,TxnMapChurnTest<uint64_t:NBTC>:txn10:g0p0i50rm50:range=1000000:prefill=500000
36,1842311,NoPersistMedleyFraserSkipList<uint64_t>,TxnMapChurnTest<uint64_t:NBTC>:txn10:g0p0i50rm50:range=1000000:prefill=500000
40,1949169,NoPersistMedleyFraserSkipList<uint64_t>,TxnMapChurnTest<uint64_t:NBTC>:txn10:g0p0i50rm50:range=1000000:prefill=500000
48,2039665,NoPersistMedleyFraserSkipList<uint64_t>,TxnMapChurnTest<uint64_t:NBTC>:txn10:g0p0i50rm50:range=1000000:prefill=500000
62,2162985,NoPersistMedleyFraserSkipList<uint64_t>,TxnMapChurnTest<uint64_t:NBTC>:txn10:g0p0i50rm50:range=1000000:prefill=500000
72,2317024,NoPersistMedleyFraserSkipList<uint64_t>,TxnMapChurnTest<uint64_t:NBTC>:txn10:g0p0i50rm50:range=1000000:prefill=500000
80,2315437,NoPersistMedleyFraserSkipList<uint64_t>,TxnMapChurnTest<uint64_t:NBTC>:txn10:g0p0i50rm50:range=1000000:prefill=500000
90,2321941,NoPersistMedleyFraserSkipList<uint64_t>,TxnMapChurnTest<uint64_t:NBTC>:txn10:g0p0i50rm50:range=1000000:prefill=500000
1,88114,NoPersistMedleyFraserSkipList<uint64_t>,TxnMapChurnTest<uint64_t:NBTC>:txn10:g0p0i50rm50:range=1000000:prefill=500000
4,322738,NoPersistMedleyFraserSkipList<uint64_t>,TxnMapChurnTest<uint64_t:NBTC>:txn10:g0p0i50rm50:range=1000000:prefill=500000
8,629550,NoPersistMedleyFraserSkipList<uint64_t>,TxnMapChurnTest<uint64_t:NBTC>:txn10:g0p0i50rm50:range=1000000:prefill=500000
12,896298,NoPersistMedleyFraserSkipList<uint64_t>,TxnMapChurnTest<uint64_t:NBTC>:txn10:g0p0i50rm50:range=1000000:prefill=500000
16,1122152,NoPersistMedleyFraserSkipList<uint64_t>,TxnMapChurnTest<uint64_t:NBTC>:txn10:g0p0i50rm50:range=1000000:prefill=500000
20,1326181,NoPersistMedleyFraserSkipList<uint64_t>,TxnMapChurnTest<uint64_t:NBTC>:txn10:g0p0i50rm50:range=1000000:prefill=500000
24,1466143,NoPersistMedleyFraserSkipList<uint64_t>,TxnMapChurnTest<uint64_t:NBTC>:txn10:g0p0i50rm50:range=1000000:prefill=500000
32,1725156,NoPersistMedleyFraserSkipList<uint64_t>,TxnMapChurnTest<uint64_t:NBTC>:txn10:g0p0i50rm50:range=1000000:prefill=500000
36,1845232,NoPersistMedleyFraserSkipList<uint64_t>,TxnMapChurnTest<uint64_t:NBTC>:txn10:g0p0i50rm50:range=1000000:prefill=500000
40,1879687,NoPersistMedleyFraserSkipList<uint64_t>,TxnMapChurnTest<uint64_t:NBTC>:txn10:g0p0i50rm50:range=1000000:prefill=500000
48,1962842,NoPersistMedleyFraserSkipList<uint64_t>,TxnMapChurnTest<uint64_t:NBTC>:txn10:g0p0i50rm50:range=1000000:prefill=500000
62,2237763,NoPersistMedleyFraserSkipList<uint64_t>,TxnMapChurnTest<uint64_t:NBTC>:txn10:g0p0i50rm50:range=1000000:prefill=500000
72,2292655,NoPersistMedleyFraserSkipList<uint64_t>,TxnMapChurnTest<uint64_t:NBTC>:txn10:g0p0i50rm50:range=1000000:prefill=500000
80,2305058,NoPersistMedleyFraserSkipList<uint64_t>,TxnMapChurnTest<uint64_t:NBTC>:txn10:g0p0i50rm50:range=1000000:prefill=500000
90,2281116,NoPersistMedleyFraserSkipList<uint64_t>,TxnMapChurnTest<uint64_t:NBTC>:txn10:g0p0i50rm50:range=1000000:prefill=500000
1,88385,NoPersistMedleyFraserSkipList<uint64_t>,TxnMapChurnTest<uint64_t:NBTC>:txn10:g0p0i50rm50:range=1000000:prefill=500000
4,322322,NoPersistMedleyFraserSkipList<uint64_t>,TxnMapChurnTest<uint64_t:NBTC>:txn10:g0p0i50rm50:range=1000000:prefill=500000
8,628099,NoPersistMedleyFraserSkipList<uint64_t>,TxnMapChurnTest<uint64_t:NBTC>:txn10:g0p0i50rm50:range=1000000:prefill=500000
12,901212,NoPersistMedleyFraserSkipList<uint64_t>,TxnMapChurnTest<uint64_t:NBTC>:txn10:g0p0i50rm50:range=1000000:prefill=500000
16,1116963,NoPersistMedleyFraserSkipList<uint64_t>,TxnMapChurnTest<uint64_t:NBTC>:txn10:g0p0i50rm50:range=1000000:prefill=500000
20,1327176,NoPersistMedleyFraserSkipList<uint64_t>,TxnMapChurnTest<uint64_t:NBTC>:txn10:g0p0i50rm50:range=1000000:prefill=500000
24,1464538,NoPersistMedleyFraserSkipList<uint64_t>,TxnMapChurnTest<uint64_t:NBTC>:txn10:g0p0i50rm50:range=1000000:prefill=500000
32,1720891,NoPersistMedleyFraserSkipList<uint64_t>,TxnMapChurnTest<uint64_t:NBTC>:txn10:g0p0i50rm50:range=1000000:prefill=500000
36,1835122,NoPersistMedleyFraserSkipList<uint64_t>,TxnMapChurnTest<uint64_t:NBTC>:txn10:g0p0i50rm50:range=1000000:prefill=500000
40,1949782,NoPersistMedleyFraserSkipList<uint64_t>,TxnMapChurnTest<uint64_t:NBTC>:txn10:g0p0i50rm50:range=1000000:prefill=500000
48,2064941,NoPersistMedleyFraserSkipList<uint64_t>,TxnMapChurnTest<uint64_t:NBTC>:txn10:g0p0i50rm50:range=1000000:prefill=500000
62,2227752,NoPersistMedleyFraserSkipList<uint64_t>,TxnMapChurnTest<uint64_t:NBTC>:txn10:g0p0i50rm50:range=1000000:prefill=500000
72,2244443,NoPersistMedleyFraserSkipList<uint64_t>,TxnMapChurnTest<uint64_t:NBTC>:txn10:g0p0i50rm50:range=1000000:prefill=500000
80,2333997,NoPersistMedleyFraserSkipList<uint64_t>,TxnMapChurnTest<uint64_t:NBTC>:txn10:g0p0i50rm50:range=1000000:prefill=500000
90,2153176,NoPersistMedleyFraserSkipList<uint64_t>,TxnMapChurnTest<uint64_t:NBTC>:txn10:g0p0i50rm50:range=1000000:prefill=500000
1,64898,txMontageFraserSkipList<uint64_t>,TxnMapChurnTest<uint64_t:NBTC>:txn10:g0p0i50rm50:range=1000000:prefill=500000
4,241763,txMontageFraserSkipList<uint64_t>,TxnMapChurnTest<uint64_t:NBTC>:txn10:g0p0i50rm50:range=1000000:prefill=500000
8,472917,txMontageFraserSkipList<uint64_t>,TxnMapChurnTest<uint64_t:NBTC>:txn10:g0p0i50rm50:range=1000000:prefill=500000
12,683501,txMontageFraserSkipList<uint64_t>,TxnMapChurnTest<uint64_t:NBTC>:txn10:g0p0i50rm50:range=1000000:prefill=500000
16,849443,txMontageFraserSkipList<uint64_t>,TxnMapChurnTest<uint64_t:NBTC>:txn10:g0p0i50rm50:range=1000000:prefill=500000
20,1020824,txMontageFraserSkipList<uint64_t>,TxnMapChurnTest<uint64_t:NBTC>:txn10:g0p0i50rm50:range=1000000:prefill=500000
24,1134626,txMontageFraserSkipList<uint64_t>,TxnMapChurnTest<uint64_t:NBTC>:txn10:g0p0i50rm50:range=1000000:prefill=500000
32,1340915,txMontageFraserSkipList<uint64_t>,TxnMapChurnTest<uint64_t:NBTC>:txn10:g0p0i50rm50:range=1000000:prefill=500000
36,1390300,txMontageFraserSkipList<uint64_t>,TxnMapChurnTest<uint64_t:NBTC>:txn10:g0p0i50rm50:range=1000000:prefill=500000
40,1450852,txMontageFraserSkipList<uint64_t>,TxnMapChurnTest<uint64_t:NBTC>:txn10:g0p0i50rm50:range=1000000:prefill=500000
48,1478029,txMontageFraserSkipList<uint64_t>,TxnMapChurnTest<uint64_t:NBTC>:txn10:g0p0i50rm50:range=1000000:prefill=500000
62,1743911,txMontageFraserSkipList<uint64_t>,TxnMapChurnTest<uint64_t:NBTC>:txn10:g0p0i50rm50:range=1000000:prefill=500000
72,1808850,txMontageFraserSkipList<uint64_t>,TxnMapChurnTest<uint64_t:NBTC>:txn10:g0p0i50rm50:range=1000000:prefill=500000
80,1867864,txMontageFraserSkipList<uint64_t>,TxnMapChurnTest<uint64_t:NBTC>:txn10:g0p0i50rm50:range=1000000:prefill=500000
90,1080315,txMontageFraserSkipList<uint64_t>,TxnMapChurnTest<uint64_t:NBTC>:txn10:g0p0i50rm50:range=1000000:prefill=500000
1,65031,txMontageFraserSkipList<uint64_t>,TxnMapChurnTest<uint64_t:NBTC>:txn10:g0p0i50rm50:range=1000000:prefill=500000
4,241996,txMontageFraserSkipList<uint64_t>,TxnMapChurnTest<uint64_t:NBTC>:txn10:g0p0i50rm50:range=1000000:prefill=500000
8,475469,txMontageFraserSkipList<uint64_t>,TxnMapChurnTest<uint64_t:NBTC>:txn10:g0p0i50rm50:range=1000000:prefill=500000
12,684241,txMontageFraserSkipList<uint64_t>,TxnMapChurnTest<uint64_t:NBTC>:txn10:g0p0i50rm50:range=1000000:prefill=500000
16,850605,txMontageFraserSkipList<uint64_t>,TxnMapChurnTest<uint64_t:NBTC>:txn10:g0p0i50rm50:range=1000000:prefill=500000
20,1014870,txMontageFraserSkipList<uint64_t>,TxnMapChurnTest<uint64_t:NBTC>:txn10:g0p0i50rm50:range=1000000:prefill=500000
24,1134492,txMontageFraserSkipList<uint64_t>,TxnMapChurnTest<uint64_t:NBTC>:txn10:g0p0i50rm50:range=1000000:prefill=500000
32,1336964,txMontageFraserSkipList<uint64_t>,TxnMapChurnTest<uint64_t:NBTC>:txn10:g0p0i50rm50:range=1000000:prefill=500000
36,1393809,txMontageFraserSkipList<uint64_t>,TxnMapChurnTest<uint64_t:NBTC>:txn10:g0p0i50rm50:range=1000000:prefill=500000
40,1450280,txMontageFraserSkipList<uint64_t>,TxnMapChurnTest<uint64_t:NBTC>:txn10:g0p0i50rm50:range=1000000:prefill=500000
48,1489053,txMontageFraserSkipList<uint64_t>,TxnMapChurnTest<uint64_t:NBTC>:txn10:g0p0i50rm50:range=1000000:prefill=500000
62,1668490,txMontageFraserSkipList<uint64_t>,TxnMapChurnTest<uint64_t:NBTC>:txn10:g0p0i50rm50:range=1000000:prefill=500000
72,1794419,txMontageFraserSkipList<uint64_t>,TxnMapChurnTest<uint64_t:NBTC>:txn10:g0p0i50rm50:range=1000000:prefill=500000
80,1753227,txMontageFraserSkipList<uint64_t>,TxnMapChurnTest<uint64_t:NBTC>:txn10:g0p0i50rm50:range=1000000:prefill=500000
90,1025967,txMontageFraserSkipList<uint64_t>,TxnMapChurnTest<uint64_t:NBTC>:txn10:g0p0i50rm50:range=1000000:prefill=500000
1,64454,txMontageFraserSkipList<uint64_t>,TxnMapChurnTest<uint64_t:NBTC>:txn10:g0p0i50rm50:range=1000000:prefill=500000
4,241882,txMontageFraserSkipList<uint64_t>,TxnMapChurnTest<uint64_t:NBTC>:txn10:g0p0i50rm50:range=1000000:prefill=500000
8,472609,txMontageFraserSkipList<uint64_t>,TxnMapChurnTest<uint64_t:NBTC>:txn10:g0p0i50rm50:range=1000000:prefill=500000
12,683013,txMontageFraserSkipList<uint64_t>,TxnMapChurnTest<uint64_t:NBTC>:txn10:g0p0i50rm50:range=1000000:prefill=500000
16,847444,txMontageFraserSkipList<uint64_t>,TxnMapChurnTest<uint64_t:NBTC>:txn10:g0p0i50rm50:range=1000000:prefill=500000
20,1013795,txMontageFraserSkipList<uint64_t>,TxnMapChurnTest<uint64_t:NBTC>:txn10:g0p0i50rm50:range=1000000:prefill=500000
32,1321227,txMontageFraserSkipList<uint64_t>,TxnMapChurnTest<uint64_t:NBTC>:txn10:g0p0i50rm50:range=1000000:prefill=500000
36,1372248,txMontageFraserSkipList<uint64_t>,TxnMapChurnTest<uint64_t:NBTC>:txn10:g0p0i50rm50:range=1000000:prefill=500000
40,1420797,txMontageFraserSkipList<uint64_t>,TxnMapChurnTest<uint64_t:NBTC>:txn10:g0p0i50rm50:range=1000000:prefill=500000
48,1483007,txMontageFraserSkipList<uint64_t>,TxnMapChurnTest<uint64_t:NBTC>:txn10:g0p0i50rm50:range=1000000:prefill=500000
62,1655893,txMontageFraserSkipList<uint64_t>,TxnMapChurnTest<uint64_t:NBTC>:txn10:g0p0i50rm50:range=1000000:prefill=500000
72,1762388,txMontageFraserSkipList<uint64_t>,TxnMapChurnTest<uint64_t:NBTC>:txn10:g0p0i50rm50:range=1000000:prefill=500000
80,1794966,txMontageFraserSkipList<uint64_t>,TxnMapChurnTest<uint64_t:NBTC>:txn10:g0p0i50rm50:range=1000000:prefill=500000
90,1005063,txMontageFraserSkipList<uint64_t>,TxnMapChurnTest<uint64_t:NBTC>:txn10:g0p0i50rm50:range=1000000:prefill=500000
1,125102,NoPersistOneFileSkipList<uint64_t>,TxnMapChurnTest<uint64_t:OneFile>:txn10:g0p0i50rm50:range=1000000:prefill=500000
1,26292,NoPersistPOneFileSkipList<uint64_t>,TxnMapChurnTest<uint64_t:OneFile>:txn10:g0p0i50rm50:range=1000000:prefill=500000
4,210828,NoPersistOneFileSkipList<uint64_t>,TxnMapChurnTest<uint64_t:OneFile>:txn10:g0p0i50rm50:range=1000000:prefill=500000
4,15644,NoPersistPOneFileSkipList<uint64_t>,TxnMapChurnTest<uint64_t:OneFile>:txn10:g0p0i50rm50:range=1000000:prefill=500000
8,234014,NoPersistOneFileSkipList<uint64_t>,TxnMapChurnTest<uint64_t:OneFile>:txn10:g0p0i50rm50:range=1000000:prefill=500000
8,13848,NoPersistPOneFileSkipList<uint64_t>,TxnMapChurnTest<uint64_t:OneFile>:txn10:g0p0i50rm50:range=1000000:prefill=500000
12,222726,NoPersistOneFileSkipList<uint64_t>,TxnMapChurnTest<uint64_t:OneFile>:txn10:g0p0i50rm50:range=1000000:prefill=500000
12,13589,NoPersistPOneFileSkipList<uint64_t>,TxnMapChurnTest<uint64_t:OneFile>:txn10:g0p0i50rm50:range=1000000:prefill=500000
16,209621,NoPersistOneFileSkipList<uint64_t>,TxnMapChurnTest<uint64_t:OneFile>:txn10:g0p0i50rm50:range=1000000:prefill=500000
16,12520,NoPersistPOneFileSkipList<uint64_t>,TxnMapChurnTest<uint64_t:OneFile>:txn10:g0p0i50rm50:range=1000000:prefill=500000
20,200651,NoPersistOneFileSkipList<uint64_t>,TxnMapChurnTest<uint64_t:OneFile>:txn10:g0p0i50rm50:range=1000000:prefill=500000
20,11878,NoPersistPOneFileSkipList<uint64_t>,TxnMapChurnTest<uint64_t:OneFile>:txn10:g0p0i50rm50:range=1000000:prefill=500000
24,195283,NoPersistOneFileSkipList<uint64_t>,TxnMapChurnTest<uint64_t:OneFile>:txn10:g0p0i50rm50:range=1000000:prefill=500000
24,11238,NoPersistPOneFileSkipList<uint64_t>,TxnMapChurnTest<uint64_t:OneFile>:txn10:g0p0i50rm50:range=1000000:prefill=500000
32,172819,NoPersistOneFileSkipList<uint64_t>,TxnMapChurnTest<uint64_t:OneFile>:txn10:g0p0i50rm50:range=1000000:prefill=500000
32,10734,NoPersistPOneFileSkipList<uint64_t>,TxnMapChurnTest<uint64_t:OneFile>:txn10:g0p0i50rm50:range=1000000:prefill=500000
36,153888,NoPersistOneFileSkipList<uint64_t>,TxnMapChurnTest<uint64_t:OneFile>:txn10:g0p0i50rm50:range=1000000:prefill=500000
36,10622,NoPersistPOneFileSkipList<uint64_t>,TxnMapChurnTest<uint64_t:OneFile>:txn10:g0p0i50rm50:range=1000000:prefill=500000
40,126453,NoPersistOneFileSkipList<uint64_t>,TxnMapChurnTest<uint64_t:OneFile>:txn10:g0p0i50rm50:range=1000000:prefill=500000
40,9985,NoPersistPOneFileSkipList<uint64_t>,TxnMapChurnTest<uint64_t:OneFile>:txn10:g0p0i50rm50:range=1000000:prefill=500000
48,193867,NoPersistOneFileSkipList<uint64_t>,TxnMapChurnTest<uint64_t:OneFile>:txn10:g0p0i50rm50:range=1000000:prefill=500000
48,8507,NoPersistPOneFileSkipList<uint64_t>,TxnMapChurnTest<uint64_t:OneFile>:txn10:g0p0i50rm50:range=1000000:prefill=500000
62,177119,NoPersistOneFileSkipList<uint64_t>,TxnMapChurnTest<uint64_t:OneFile>:txn10:g0p0i50rm50:range=1000000:prefill=500000
62,7548,NoPersistPOneFileSkipList<uint64_t>,TxnMapChurnTest<uint64_t:OneFile>:txn10:g0p0i50rm50:range=1000000:prefill=500000
72,163739,NoPersistOneFileSkipList<uint64_t>,TxnMapChurnTest<uint64_t:OneFile>:txn10:g0p0i50rm50:range=1000000:prefill=500000
72,7320,NoPersistPOneFileSkipList<uint64_t>,TxnMapChurnTest<uint64_t:OneFile>:txn10:g0p0i50rm50:range=1000000:prefill=500000
80,125983,NoPersistOneFileSkipList<uint64_t>,TxnMapChurnTest<uint64_t:OneFile>:txn10:g0p0i50rm50:range=1000000:prefill=500000
80,6873,NoPersistPOneFileSkipList<uint64_t>,TxnMapChurnTest<uint64_t:OneFile>:txn10:g0p0i50rm50:range=1000000:prefill=500000
1,122581,NoPersistOneFileSkipList<uint64_t>,TxnMapChurnTest<uint64_t:OneFile>:txn10:g0p0i50rm50:range=1000000:prefill=500000
1,26255,NoPersistPOneFileSkipList<uint64_t>,TxnMapChurnTest<uint64_t:OneFile>:txn10:g0p0i50rm50:range=1000000:prefill=500000
4,209806,NoPersistOneFileSkipList<uint64_t>,TxnMapChurnTest<uint64_t:OneFile>:txn10:g0p0i50rm50:range=1000000:prefill=500000
4,15990,NoPersistPOneFileSkipList<uint64_t>,TxnMapChurnTest<uint64_t:OneFile>:txn10:g0p0i50rm50:range=1000000:prefill=500000
8,234784,NoPersistOneFileSkipList<uint64_t>,TxnMapChurnTest<uint64_t:OneFile>:txn10:g0p0i50rm50:range=1000000:prefill=500000
8,14618,NoPersistPOneFileSkipList<uint64_t>,TxnMapChurnTest<uint64_t:OneFile>:txn10:g0p0i50rm50:range=1000000:prefill=500000
12,221627,NoPersistOneFileSkipList<uint64_t>,TxnMapChurnTest<uint64_t:OneFile>:txn10:g0p0i50rm50:range=1000000:prefill=500000
12,13049,NoPersistPOneFileSkipList<uint64_t>,TxnMapChurnTest<uint64_t:OneFile>:txn10:g0p0i50rm50:range=1000000:prefill=500000
16,209155,NoPersistOneFileSkipList<uint64_t>,TxnMapChurnTest<uint64_t:OneFile>:txn10:g0p0i50rm50:range=1000000:prefill=500000
16,12580,NoPersistPOneFileSkipList<uint64_t>,TxnMapChurnTest<uint64_t:OneFile>:txn10:g0p0i50rm50:range=1000000:prefill=500000
20,199022,NoPersistOneFileSkipList<uint64_t>,TxnMapChurnTest<uint64_t:OneFile>:txn10:g0p0i50rm50:range=1000000:prefill=500000
20,11837,NoPersistPOneFileSkipList<uint64_t>,TxnMapChurnTest<uint64_t:OneFile>:txn10:g0p0i50rm50:range=1000000:prefill=500000
24,192486,NoPersistOneFileSkipList<uint64_t>,TxnMapChurnTest<uint64_t:OneFile>:txn10:g0p0i50rm50:range=1000000:prefill=500000
24,11126,NoPersistPOneFileSkipList<uint64_t>,TxnMapChurnTest<uint64_t:OneFile>:txn10:g0p0i50rm50:range=1000000:prefill=500000
32,172839,NoPersistOneFileSkipList<uint64_t>,TxnMapChurnTest<uint64_t:OneFile>:txn10:g0p0i50rm50:range=1000000:prefill=500000
32,10485,NoPersistPOneFileSkipList<uint64_t>,TxnMapChurnTest<uint64_t:OneFile>:txn10:g0p0i50rm50:range=1000000:prefill=500000
36,153804,NoPersistOneFileSkipList<uint64_t>,TxnMapChurnTest<uint64_t:OneFile>:txn10:g0p0i50rm50:range=1000000:prefill=500000
36,10503,NoPersistPOneFileSkipList<uint64_t>,TxnMapChurnTest<uint64_t:OneFile>:txn10:g0p0i50rm50:range=1000000:prefill=500000
40,125681,NoPersistOneFileSkipList<uint64_t>,TxnMapChurnTest<uint64_t:OneFile>:txn10:g0p0i50rm50:range=1000000:prefill=500000
40,10103,NoPersistPOneFileSkipList<uint64_t>,TxnMapChurnTest<uint64_t:OneFile>:txn10:g0p0i50rm50:range=1000000:prefill=500000
48,198525,NoPersistOneFileSkipList<uint64_t>,TxnMapChurnTest<uint64_t:OneFile>:txn10:g0p0i50rm50:range=1000000:prefill=500000
48,8384,NoPersistPOneFileSkipList<uint64_t>,TxnMapChurnTest<uint64_t:OneFile>:txn10:g0p0i50rm50:range=1000000:prefill=500000
62,178449,NoPersistOneFileSkipList<uint64_t>,TxnMapChurnTest<uint64_t:OneFile>:txn10:g0p0i50rm50:range=1000000:prefill=500000
62,7602,NoPersistPOneFileSkipList<uint64_t>,TxnMapChurnTest<uint64_t:OneFile>:txn10:g0p0i50rm50:range=1000000:prefill=500000
72,164898,NoPersistOneFileSkipList<uint64_t>,TxnMapChurnTest<uint64_t:OneFile>:txn10:g0p0i50rm50:range=1000000:prefill=500000
72,6577,NoPersistPOneFileSkipList<uint64_t>,TxnMapChurnTest<uint64_t:OneFile>:txn10:g0p0i50rm50:range=1000000:prefill=500000
80,125597,NoPersistOneFileSkipList<uint64_t>,TxnMapChurnTest<uint64_t:OneFile>:txn10:g0p0i50rm50:range=1000000:prefill=500000
80,6579,NoPersistPOneFileSkipList<uint64_t>,TxnMapChurnTest<uint64_t:OneFile>:txn10:g0p0i50rm50:range=1000000:prefill=500000
1,122110,NoPersistOneFileSkipList<uint64_t>,TxnMapChurnTest<uint64_t:OneFile>:txn10:g0p0i50rm50:range=1000000:prefill=500000
1,25980,NoPersistPOneFileSkipList<uint64_t>,TxnMapChurnTest<uint64_t:OneFile>:txn10:g0p0i50rm50:range=1000000:prefill=500000
4,208811,NoPersistOneFileSkipList<uint64_t>,TxnMapChurnTest<uint64_t:OneFile>:txn10:g0p0i50rm50:range=1000000:prefill=500000
4,16299,NoPersistPOneFileSkipList<uint64_t>,TxnMapChurnTest<uint64_t:OneFile>:txn10:g0p0i50rm50:range=1000000:prefill=500000
8,235574,NoPersistOneFileSkipList<uint64_t>,TxnMapChurnTest<uint64_t:OneFile>:txn10:g0p0i50rm50:range=1000000:prefill=500000
8,14516,NoPersistPOneFileSkipList<uint64_t>,TxnMapChurnTest<uint64_t:OneFile>:txn10:g0p0i50rm50:range=1000000:prefill=500000
12,223146,NoPersistOneFileSkipList<uint64_t>,TxnMapChurnTest<uint64_t:OneFile>:txn10:g0p0i50rm50:range=1000000:prefill=500000
12,13329,NoPersistPOneFileSkipList<uint64_t>,TxnMapChurnTest<uint64_t:OneFile>:txn10:g0p0i50rm50:range=1000000:prefill=500000
16,210064,NoPersistOneFileSkipList<uint64_t>,TxnMapChurnTest<uint64_t:OneFile>:txn10:g0p0i50rm50:range=1000000:prefill=500000
16,12253,NoPersistPOneFileSkipList<uint64_t>,TxnMapChurnTest<uint64_t:OneFile>:txn10:g0p0i50rm50:range=1000000:prefill=500000
20,200127,NoPersistOneFileSkipList<uint64_t>,TxnMapChurnTest<uint64_t:OneFile>:txn10:g0p0i50rm50:range=1000000:prefill=500000
20,11733,NoPersistPOneFileSkipList<uint64_t>,TxnMapChurnTest<uint64_t:OneFile>:txn10:g0p0i50rm50:range=1000000:prefill=500000
24,192109,NoPersistOneFileSkipList<uint64_t>,TxnMapChurnTest<uint64_t:OneFile>:txn10:g0p0i50rm50:range=1000000:prefill=500000
24,11009,NoPersistPOneFileSkipList<uint64_t>,TxnMapChurnTest<uint64_t:OneFile>:txn10:g0p0i50rm50:range=1000000:prefill=500000
32,175071,NoPersistOneFileSkipList<uint64_t>,TxnMapChurnTest<uint64_t:OneFile>:txn10:g0p0i50rm50:range=1000000:prefill=500000
32,10086,NoPersistPOneFileSkipList<uint64_t>,TxnMapChurnTest<uint64_t:OneFile>:txn10:g0p0i50rm50:range=1000000:prefill=500000
36,154207,NoPersistOneFileSkipList<uint64_t>,TxnMapChurnTest<uint64_t:OneFile>:txn10:g0p0i50rm50:range=1000000:prefill=500000
36,10372,NoPersistPOneFileSkipList<uint64_t>,TxnMapChurnTest<uint64_t:OneFile>:txn10:g0p0i50rm50:range=1000000:prefill=500000
40,126592,NoPersistOneFileSkipList<uint64_t>,TxnMapChurnTest<uint64_t:OneFile>:txn10:g0p0i50rm50:range=1000000:prefill=500000
40,9952,NoPersistPOneFileSkipList<uint64_t>,TxnMapChurnTest<uint64_t:OneFile>:txn10:g0p0i50rm50:range=1000000:prefill=500000
48,196969,NoPersistOneFileSkipList<uint64_t>,TxnMapChurnTest<uint64_t:OneFile>:txn10:g0p0i50rm50:range=1000000:prefill=500000
48,8545,NoPersistPOneFileSkipList<uint64_t>,TxnMapChurnTest<uint64_t:OneFile>:txn10:g0p0i50rm50:range=1000000:prefill=500000
62,177963,NoPersistOneFileSkipList<uint64_t>,TxnMapChurnTest<uint64_t:OneFile>:txn10:g0p0i50rm50:range=1000000:prefill=500000
62,7623,NoPersistPOneFileSkipList<uint64_t>,TxnMapChurnTest<uint64_t:OneFile>:txn10:g0p0i50rm50:range=1000000:prefill=500000
72,161823,NoPersistOneFileSkipList<uint64_t>,TxnMapChurnTest<uint64_t:OneFile>:txn10:g0p0i50rm50:range=1000000:prefill=500000
72,7372,NoPersistPOneFileSkipList<uint64_t>,TxnMapChurnTest<uint64_t:OneFile>:txn10:g0p0i50rm50:range=1000000:prefill=500000
80,126197,NoPersistOneFileSkipList<uint64_t>,TxnMapChurnTest<uint64_t:OneFile>:txn10:g0p0i50rm50:range=1000000:prefill=500000
80,7013,NoPersistPOneFileSkipList<uint64_t>,TxnMapChurnTest<uint64_t:OneFile>:txn10:g0p0i50rm50:range=1000000:prefill=500000
